index_name,ogAA_letter,positionAA_num,mutAA_letter,iso_point,ogAA_char,mutAA_char,deldel_G1,solv_area,deldel_G2,deldel_G3,evo_age,pdel,positive_negative
A171T,A,171,T,6.76,n,l,-0.47,85.3,-0.55008484,-0.005249,324,0.5,positive
D140N,D,140,N,7.15,-,l,-0.96,59,-1.8642592,-0.1804755,750,0.74,positive
D109H,D,109,H,7.18,-,"H,+",-0.42,65.2,-0.66194393,-0.509662,750,0.74,positive
D109A,D,109,A,7.15,-,n,-0.11,65.2,-0.55047098,-0.670734,750,0.74,positive
P20S,P,20,S,6.76,P,l,-0.78,35.9,-0.70361021,-0.456210875,750,0.74,positive
P20R,P,20,R,7.15,P,+,-0.68,35.9,-0.44778751,0.0060205,750,0.74,positive
R11C,R,11,C,6.5,+,"C,I",-0.66,67.7,-0.75144998,0.0096856,750,0.74,positive
R11H,R,11,H,6.55,+,"H,+",-0.96,67.7,-1.1608338,-0.253809,750,0.74,positive
R12C,R,12,C,6.5,+,"C,I",-0.69,59.4,-0.91870834,-0.0623311,750,0.74,positive
R56W,R,56,W,6.5,+,n,-0.18,97.8,-1.002371,0.3538585,456,0.57,positive
R69C,R,69,C,6.5,+,"C,I",-1.05,38.4,-0.56743565,-0.39634,361,0.5,positive
R107L,R,107,L,6.5,+,n,-0.41,46.3,-0.34710825,-0.0902665,750,0.74,positive
R120G,R,120,G,6.5,+,G,-1.8,22.3,-1.4859471,-1.670055,1036,0.85,positive
R157H,R,157,H,6.55,+,"H,+",-0.76,72.5,-0.64579615,-0.612551,750,0.74,positive
S19T,S,19,T,6.76,l,l,-0.21,96.4,-0.50858844,0.06491165,220,0.5,negative
S41A,S,41,A,6.76,l,n,-0.1,109.2,-0.30663938,-0.074837,361,0.5,negative
S41T,S,41,T,6.76,l,l,-0.05,109.2,-0.51096056,0.029551,361,0.5,negative
S153T,S,153,T,6.76,l,l,-0.23,50.3,-0.67262357,-0.0149585,176,0.19,negative
S153P,S,153,P,6.76,l,P,-0.3,50.3,-0.93075714,-0.4097875,176,0.27,negative
L49F,L,49,F,6.76,n,n,-0.95,31.7,-0.9441897,-0.3937215,176,0.27,negative
L70M,L,70,M,6.76,n,n,-0.67,61.7,-1.368521,0.339608,324,0.5,negative
L131M,L,131,M,6.76,n,n,-0.48,87.4,-0.75551829,-0.1241775,361,0.5,negative
F61I,F,61,I,6.76,n,l,-0.69,35.9,-1.0832116,-0.610947,91,0.19,negative
M68V,M,68,V,6.76,n,l,-0.4,49,-1.5120305,0.2352625,456,0.57,negative
I98V,I,98,V,6.76,n,n,-1.23,0.5,-0.68582739,-0.04652625,456,0.57,negative
I124V,I,124,V,6.76,n,l,-1.2,12.4,-1.3501134,-0.419871,6,0.02,negative
I114V,I,114,V,6.76,n,n,-0.1,33.5,-0.57169119,-0.465941,361,0.5,negative
V142I,V,142,I,6.76,n,n,-1.53,39,-1.0328847,-0.233300015,456,0.57,negative
V145M,V,145,M,6.76,n,n,-2.36,2,-0.62348919,-1.278027,361,0.57,negative
V152A,V,152,A,6.76,n,n,-1.03,51.4,-0.94075402,0.0262832,91,0.74,negative
P51L,P,51,L,6.76,P,n,-0.48,17.6,0.037634009,0.4782835,176,0.27,negative
P39S,P,39,S,6.76,P,l,-1.34,50.7,-0.6854764,-0.325029375,455,0.57,negative
E88D,E,88,D,6.76,-,-,-0.56,40.6,-0.98469294,-0.3044165,456,0.57,negative
H119Q,H,119,Q,6.71,+,l,-0.61,54.4,-1.3306853,-0.295762,324,0.5,negative
K150R,K,150,R,6.76,+,+,-0.32,62.2,-0.56675823,-0.3230285,455,0.5,negative
Q151A,Q,151,A,6.76,l,n,-1.13,37,-0.89983458,-0.423364,750,0.57,negative
T40A,T,40,A,6.76,l,n,-0.79,49,-0.8762109,-0.2688645,361,0.5,negative
T132A,T,132,A,6.76,l,n,-1.16,36.8,-1.3156918,-0.5662185,97,0.19,negative
T162S,T,162,S,6.76,l,l,-0.32,80,-0.96871633,-0.14339119,750,0.27,negative
T170A,T,170,A,6.76,l,n,-0.25,95.9,0.087355364,-0.09589155,220,0.74,negative
