index_name,ogAA_letter,Mutation Position,mutAA_letter,Attribute 2,deldel_g1,deldel_g2,iso_point,pdel,evo_age,conservation_values,deldel_g3,positive_negative
R69C,R,69,C,Polar,-1.05,-0.56743565,6.5,0.5,361,3,-0.39634,positive
D109A,D,109,A,Non-polar,-0.11,-0.55047098,7.15,0.74,750,8,-0.670734,positive
P20S,P,20,S,Polar,-0.78,-0.70361021,6.76,0.74,750,8,-0.456210875,positive
R120G,R,120,G,Non-polar,-1.8,-1.4859471,6.5,0.85,1036,9,-1.670055,positive
A171T,A,171,T,Polar,-0.47,-0.55008484,6.76,0.5,324,1,-0.005249,positive
R56W,R,56,W,Non-polar,-0.18,-1.002371,6.5,0.57,456,5,0.3538585,positive
D140N,D,140,N,Polar,-0.96,-1.8642592,7.15,0.74,750,8,-0.1804755,positive
D73N,D,73,N,Polar,-0.4,-1.4258078,7.15,0.74,750,4,-0.15049545,positive
R50L,R,50,L,Non-polar,-0.29,-0.53581268,6.5,0.57,455,4,0.52798,positive
R107L,R,107,L,Non-polar,-0.41,-0.34710825,6.5,0.74,750,7,-0.0902665,positive
R11H,R,11,H,Polar,-0.96,-1.1608338,6.55,0.74,750,6,-0.253809,positive
R157H,R,157,H,Polar,-0.76,-0.64579615,6.55,0.74,750,7,-0.612551,positive
I124V,I,124,V,Non-polar,-1.2,-1.3501134,6.76,0.02,6,8,-0.419871,negative
S153T,S,153,T,Polar,-0.23,-0.67262357,6.76,0.27,176,1,-0.0149585,negative
L70M,L,70,M,Non-polar,-0.67,-1.368521,6.76,0.5,324,3,0.339608,negative
S41A,S,41,A,Non-polar,-0.1,-0.30663938,6.76,0.5,361,1,-0.3937215,negative
S139T,S,139,T,Polar,-0.39,-1.610557,6.76,0.5,361,7,-0.0380555,negative
T162S,T,162,S,Polar,-0.32,-0.96871633,6.76,0.74,750,3,-0.14339119,negative
E88D,E,88,D,Polar,-0.56,-0.98469294,6.76,0.57,456,9,-0.3044165,negative
I98V,I,98,V,Non-polar,-1.23,-0.68582739,6.76,0.57,456,6,-0.04652625,negative
S35T,S,35,T,Polar,-0.18,-1.8939337,6.76,0.5,361,4,-0.03083,negative
V142I,V,142,I,Non-polar,-1.53,-1.0328847,6.76,0.57,456,5,-0.233300015,negative
L49F,L,49,F,Non-polar,-0.95,-0.9441897,6.76,0.27,176,1,-0.3937215,negative
